text,element_type,url,title,meta_description,h1_tags,scrape_date,competitor,sentiment,vader_sentiment,average_sentiment,technical_keywords,value_keywords,intent,cleaned_text
UnlockingSubsurface Potential,p,https://ideon.ai/,Unlock Subsurface Potential | Muon Tomography | Ideon Technologies,Unlock the power of subsurface imaging with groundbreaking muon tomography. Discover precise mineral detection for confident decision-making.,"['Ideon Launches REVEAL™ for Exploration Solution, Activated in Partnership with Fireweed Metals (Lundin Group) in Northern Canada', 'World First: Ideon Launches REVEAL™ for Caving, In-Mine Monitoring & Modelling Solution', 'DIGITAL, Canada’s Global Innovation Cluster for Digital Technologies, Invests in Subsurface Intelligence for Unlocking Critical Minerals']",2024-11-21T11:54:33.060995,Ideon,0.0,0.0,0.0,0,0,Error,unlockingsubsurface potential
Ideon revolutionizes how the world unlocks critical minerals for the clean energy transition.,h2,https://ideon.ai/,Unlock Subsurface Potential | Muon Tomography | Ideon Technologies,Unlock the power of subsurface imaging with groundbreaking muon tomography. Discover precise mineral detection for confident decision-making.,"['Ideon Launches REVEAL™ for Exploration Solution, Activated in Partnership with Fireweed Metals (Lundin Group) in Northern Canada', 'World First: Ideon Launches REVEAL™ for Caving, In-Mine Monitoring & Modelling Solution', 'DIGITAL, Canada’s Global Innovation Cluster for Digital Technologies, Invests in Subsurface Intelligence for Unlocking Critical Minerals']",2024-11-21T11:54:33.061011,Ideon,0.0,0.0,0.0,0,0,Error,ideon revolutionizes how the world unlocks critical minerals for the clean energy transition
"Our innovative technology gives mining professionals geologic certainty to confidently identify, map, monitor, and target mineral deposits and other subsurface anomalies. In turn, this reduces the economic and environmental impacts of traditional techniques, such as drilling.",p,https://ideon.ai/,Unlock Subsurface Potential | Muon Tomography | Ideon Technologies,Unlock the power of subsurface imaging with groundbreaking muon tomography. Discover precise mineral detection for confident decision-making.,"['Ideon Launches REVEAL™ for Exploration Solution, Activated in Partnership with Fireweed Metals (Lundin Group) in Northern Canada', 'World First: Ideon Launches REVEAL™ for Caving, In-Mine Monitoring & Modelling Solution', 'DIGITAL, Canada’s Global Innovation Cluster for Digital Technologies, Invests in Subsurface Intelligence for Unlocking Critical Minerals']",2024-11-21T11:54:33.061013,Ideon,0.0,0.0,0.0,0,0,Error,our innovative technology gives mining professionals geologic certainty to confidently identify map monitor and target mineral deposits and other subsurface anomalies in turn this reduces the economic and environmental impacts of traditional techniques such as drilling
There is no clean energy without mining.,h2,https://ideon.ai/,Unlock Subsurface Potential | Muon Tomography | Ideon Technologies,Unlock the power of subsurface imaging with groundbreaking muon tomography. Discover precise mineral detection for confident decision-making.,"['Ideon Launches REVEAL™ for Exploration Solution, Activated in Partnership with Fireweed Metals (Lundin Group) in Northern Canada', 'World First: Ideon Launches REVEAL™ for Caving, In-Mine Monitoring & Modelling Solution', 'DIGITAL, Canada’s Global Innovation Cluster for Digital Technologies, Invests in Subsurface Intelligence for Unlocking Critical Minerals']",2024-11-21T11:54:33.061016,Ideon,0.0,0.0,0.0,0,0,Error,there is no clean energy without mining
"The average electric vehicle requires more than 45 kg/100 lbs of nickel and lithium, wind farms require more than 4 tonnes of zinc, and solar arrays need more than 5.5 tonnes of copper.",p,https://ideon.ai/,Unlock Subsurface Potential | Muon Tomography | Ideon Technologies,Unlock the power of subsurface imaging with groundbreaking muon tomography. Discover precise mineral detection for confident decision-making.,"['Ideon Launches REVEAL™ for Exploration Solution, Activated in Partnership with Fireweed Metals (Lundin Group) in Northern Canada', 'World First: Ideon Launches REVEAL™ for Caving, In-Mine Monitoring & Modelling Solution', 'DIGITAL, Canada’s Global Innovation Cluster for Digital Technologies, Invests in Subsurface Intelligence for Unlocking Critical Minerals']",2024-11-21T11:54:33.061017,Ideon,0.0,0.0,0.0,0,0,Error,the average electric vehicle requires more than kg lbs of nickel and lithium wind farms require more than tonnes of zinc and solar arrays need more than tonnes of copper
"The energy transition depends on metals. Demand for key resources has outstripped supply, resulting in a global supply chain crisis. We must address a $12 trillion shortfall in metals supply to meet global climate change goals. Over the last 10 years, mineral discoveries and ore grade have declined 75%, with metres drilled per discovery up nearly 200%. Cost per discovery has increased by 400%, and carbon emissions are up over 40%.",p,https://ideon.ai/,Unlock Subsurface Potential | Muon Tomography | Ideon Technologies,Unlock the power of subsurface imaging with groundbreaking muon tomography. Discover precise mineral detection for confident decision-making.,"['Ideon Launches REVEAL™ for Exploration Solution, Activated in Partnership with Fireweed Metals (Lundin Group) in Northern Canada', 'World First: Ideon Launches REVEAL™ for Caving, In-Mine Monitoring & Modelling Solution', 'DIGITAL, Canada’s Global Innovation Cluster for Digital Technologies, Invests in Subsurface Intelligence for Unlocking Critical Minerals']",2024-11-21T11:54:33.061019,Ideon,0.0,0.0,0.0,0,0,Error,the energy transition depends on metals demand for key resources has outstripped supply resulting in a global supply chain crisis we must address a trillion shortfall in metals supply to meet global climate change goals over the last years mineral discoveries and ore grade have declined with metres drilled per discovery up nearly cost per discovery has increased by and carbon emissions are up over
The problem is geologic uncertainty.,h2,https://ideon.ai/,Unlock Subsurface Potential | Muon Tomography | Ideon Technologies,Unlock the power of subsurface imaging with groundbreaking muon tomography. Discover precise mineral detection for confident decision-making.,"['Ideon Launches REVEAL™ for Exploration Solution, Activated in Partnership with Fireweed Metals (Lundin Group) in Northern Canada', 'World First: Ideon Launches REVEAL™ for Caving, In-Mine Monitoring & Modelling Solution', 'DIGITAL, Canada’s Global Innovation Cluster for Digital Technologies, Invests in Subsurface Intelligence for Unlocking Critical Minerals']",2024-11-21T11:54:33.061021,Ideon,0.0,0.0,0.0,0,0,Error,the problem is geologic uncertainty
"Humans have been mining the Earth for tens of thousands of years. Most near-surface mineral deposits have already been discovered, forcing mining companies to search deeper underground.",p,https://ideon.ai/,Unlock Subsurface Potential | Muon Tomography | Ideon Technologies,Unlock the power of subsurface imaging with groundbreaking muon tomography. Discover precise mineral detection for confident decision-making.,"['Ideon Launches REVEAL™ for Exploration Solution, Activated in Partnership with Fireweed Metals (Lundin Group) in Northern Canada', 'World First: Ideon Launches REVEAL™ for Caving, In-Mine Monitoring & Modelling Solution', 'DIGITAL, Canada’s Global Innovation Cluster for Digital Technologies, Invests in Subsurface Intelligence for Unlocking Critical Minerals']",2024-11-21T11:54:33.061023,Ideon,0.0,0.0,0.0,0,0,Error,humans have been mining the earth for tens of thousands of years most nearsurface mineral deposits have already been discovered forcing mining companies to search deeper underground
"With no way to know what lies beneath, those companies drill hundreds of narrow holes, performing geological biopsies and inferring what may lie between those holes. Without geological certainty, these companies are basing billion-dollar decisions on 1% of 1% of ore body knowledge. It’s risky, costly, and unreliable.",p,https://ideon.ai/,Unlock Subsurface Potential | Muon Tomography | Ideon Technologies,Unlock the power of subsurface imaging with groundbreaking muon tomography. Discover precise mineral detection for confident decision-making.,"['Ideon Launches REVEAL™ for Exploration Solution, Activated in Partnership with Fireweed Metals (Lundin Group) in Northern Canada', 'World First: Ideon Launches REVEAL™ for Caving, In-Mine Monitoring & Modelling Solution', 'DIGITAL, Canada’s Global Innovation Cluster for Digital Technologies, Invests in Subsurface Intelligence for Unlocking Critical Minerals']",2024-11-21T11:54:33.061025,Ideon,0.0,0.0,0.0,0,0,Error,with no way to know what lies beneath those companies drill hundreds of narrow holes performing geological biopsies and inferring what may lie between those holes without geological certainty these companies are basing billiondollar decisions on of of ore body knowledge its risky costly and unreliable
Proudly trusted by,h2,https://ideon.ai/,Unlock Subsurface Potential | Muon Tomography | Ideon Technologies,Unlock the power of subsurface imaging with groundbreaking muon tomography. Discover precise mineral detection for confident decision-making.,"['Ideon Launches REVEAL™ for Exploration Solution, Activated in Partnership with Fireweed Metals (Lundin Group) in Northern Canada', 'World First: Ideon Launches REVEAL™ for Caving, In-Mine Monitoring & Modelling Solution', 'DIGITAL, Canada’s Global Innovation Cluster for Digital Technologies, Invests in Subsurface Intelligence for Unlocking Critical Minerals']",2024-11-21T11:54:33.061027,Ideon,0.0,0.0,0.0,0,0,Error,proudly trusted by
Delivering unparalleled subsurface intelligence.,h2,https://ideon.ai/,Unlock Subsurface Potential | Muon Tomography | Ideon Technologies,Unlock the power of subsurface imaging with groundbreaking muon tomography. Discover precise mineral detection for confident decision-making.,"['Ideon Launches REVEAL™ for Exploration Solution, Activated in Partnership with Fireweed Metals (Lundin Group) in Northern Canada', 'World First: Ideon Launches REVEAL™ for Caving, In-Mine Monitoring & Modelling Solution', 'DIGITAL, Canada’s Global Innovation Cluster for Digital Technologies, Invests in Subsurface Intelligence for Unlocking Critical Minerals']",2024-11-21T11:54:33.061028,Ideon,0.0,0.0,0.0,0,0,Error,delivering unparalleled subsurface intelligence
"By harnessing a passive energy source from supernova explosions in space (the cosmic-ray muon), we provide x-ray-like visibility greater than 1 km beneath Earth’s surface. Our REVEAL™ platform measures the directional intensity of muons as they penetrate the Earth, transforming this unique data into reliable 2D images and 3D models to help companies target and characterize resources more precisely.",p,https://ideon.ai/,Unlock Subsurface Potential | Muon Tomography | Ideon Technologies,Unlock the power of subsurface imaging with groundbreaking muon tomography. Discover precise mineral detection for confident decision-making.,"['Ideon Launches REVEAL™ for Exploration Solution, Activated in Partnership with Fireweed Metals (Lundin Group) in Northern Canada', 'World First: Ideon Launches REVEAL™ for Caving, In-Mine Monitoring & Modelling Solution', 'DIGITAL, Canada’s Global Innovation Cluster for Digital Technologies, Invests in Subsurface Intelligence for Unlocking Critical Minerals']",2024-11-21T11:54:33.061032,Ideon,0.0,0.0,0.0,0,0,Error,by harnessing a passive energy source from supernova explosions in space the cosmicray muon we provide xraylike visibility greater than km beneath earths surface our reveal platform measures the directional intensity of muons as they penetrate the earth transforming this unique data into reliable d images and d models to help companies target and characterize resources more precisely
Latest news from Ideon,h2,https://ideon.ai/,Unlock Subsurface Potential | Muon Tomography | Ideon Technologies,Unlock the power of subsurface imaging with groundbreaking muon tomography. Discover precise mineral detection for confident decision-making.,"['Ideon Launches REVEAL™ for Exploration Solution, Activated in Partnership with Fireweed Metals (Lundin Group) in Northern Canada', 'World First: Ideon Launches REVEAL™ for Caving, In-Mine Monitoring & Modelling Solution', 'DIGITAL, Canada’s Global Innovation Cluster for Digital Technologies, Invests in Subsurface Intelligence for Unlocking Critical Minerals']",2024-11-21T11:54:33.061034,Ideon,0.0,0.0,0.0,0,0,Error,latest news from ideon
"Ideon Launches REVEAL™ for Exploration Solution, Activated in Partnership with Fireweed Metals (Lundin Group) in Northern Canada",h1,https://ideon.ai/,Unlock Subsurface Potential | Muon Tomography | Ideon Technologies,Unlock the power of subsurface imaging with groundbreaking muon tomography. Discover precise mineral detection for confident decision-making.,"['Ideon Launches REVEAL™ for Exploration Solution, Activated in Partnership with Fireweed Metals (Lundin Group) in Northern Canada', 'World First: Ideon Launches REVEAL™ for Caving, In-Mine Monitoring & Modelling Solution', 'DIGITAL, Canada’s Global Innovation Cluster for Digital Technologies, Invests in Subsurface Intelligence for Unlocking Critical Minerals']",2024-11-21T11:54:33.061035,Ideon,0.0,0.0,0.0,0,0,Error,ideon launches reveal for exploration solution activated in partnership with fireweed metals lundin group in northern canada
"World First: Ideon Launches REVEAL™ for Caving, In-Mine Monitoring & Modelling Solution",h1,https://ideon.ai/,Unlock Subsurface Potential | Muon Tomography | Ideon Technologies,Unlock the power of subsurface imaging with groundbreaking muon tomography. Discover precise mineral detection for confident decision-making.,"['Ideon Launches REVEAL™ for Exploration Solution, Activated in Partnership with Fireweed Metals (Lundin Group) in Northern Canada', 'World First: Ideon Launches REVEAL™ for Caving, In-Mine Monitoring & Modelling Solution', 'DIGITAL, Canada’s Global Innovation Cluster for Digital Technologies, Invests in Subsurface Intelligence for Unlocking Critical Minerals']",2024-11-21T11:54:33.061037,Ideon,0.0,0.0,0.0,0,0,Error,world first ideon launches reveal for caving inmine monitoring modelling solution
"DIGITAL, Canada’s Global Innovation Cluster for Digital Technologies, Invests in Subsurface Intelligence for Unlocking Critical Minerals",h1,https://ideon.ai/,Unlock Subsurface Potential | Muon Tomography | Ideon Technologies,Unlock the power of subsurface imaging with groundbreaking muon tomography. Discover precise mineral detection for confident decision-making.,"['Ideon Launches REVEAL™ for Exploration Solution, Activated in Partnership with Fireweed Metals (Lundin Group) in Northern Canada', 'World First: Ideon Launches REVEAL™ for Caving, In-Mine Monitoring & Modelling Solution', 'DIGITAL, Canada’s Global Innovation Cluster for Digital Technologies, Invests in Subsurface Intelligence for Unlocking Critical Minerals']",2024-11-21T11:54:33.061039,Ideon,0.0,0.0,0.0,0,0,Error,digital canadas global innovation cluster for digital technologies invests in subsurface intelligence for unlocking critical minerals
"© 2024 Ideon Technologies, Inc. All Rights Reserved.",p,https://ideon.ai/,Unlock Subsurface Potential | Muon Tomography | Ideon Technologies,Unlock the power of subsurface imaging with groundbreaking muon tomography. Discover precise mineral detection for confident decision-making.,"['Ideon Launches REVEAL™ for Exploration Solution, Activated in Partnership with Fireweed Metals (Lundin Group) in Northern Canada', 'World First: Ideon Launches REVEAL™ for Caving, In-Mine Monitoring & Modelling Solution', 'DIGITAL, Canada’s Global Innovation Cluster for Digital Technologies, Invests in Subsurface Intelligence for Unlocking Critical Minerals']",2024-11-21T11:54:33.061040,Ideon,0.0,0.0,0.0,0,0,Error,ideon technologies inc all rights reserved
REVEAL™,h2,https://ideon.ai/ideon-reveal-for-exploration,Ideon Reveal for Exploration - Ideon Technologies,,"['Muon Tomography for Mapping Voids & Remnant Mineralization at Vale Base Metals’ Creighton Mine', 'Muon Tomography for Mine Extension at Vale Base Metals’ Totten Mine', 'Muon Tomography & Multi-Physics Fusion for Nickel Massive Sulphide Mapping at BHP’s Leinster Mine', 'Imaging High-Grade Uranium Deposits at Orano’s McClean Lake Project']",2024-11-21T11:54:33.811749,Ideon,0.0,0.0,0.0,0,0,Error,reveal
for Exploration,p,https://ideon.ai/ideon-reveal-for-exploration,Ideon Reveal for Exploration - Ideon Technologies,,"['Muon Tomography for Mapping Voids & Remnant Mineralization at Vale Base Metals’ Creighton Mine', 'Muon Tomography for Mine Extension at Vale Base Metals’ Totten Mine', 'Muon Tomography & Multi-Physics Fusion for Nickel Massive Sulphide Mapping at BHP’s Leinster Mine', 'Imaging High-Grade Uranium Deposits at Orano’s McClean Lake Project']",2024-11-21T11:54:33.811765,Ideon,0.0,0.0,0.0,0,0,Error,for exploration
"Access the high-resolution imaging needed to precisely delineate subsurface features, at depth, and in the complex operational environment of an active mine site. No other remote sensing technology can deliver this powerful combination.",p,https://ideon.ai/ideon-reveal-for-exploration,Ideon Reveal for Exploration - Ideon Technologies,,"['Muon Tomography for Mapping Voids & Remnant Mineralization at Vale Base Metals’ Creighton Mine', 'Muon Tomography for Mine Extension at Vale Base Metals’ Totten Mine', 'Muon Tomography & Multi-Physics Fusion for Nickel Massive Sulphide Mapping at BHP’s Leinster Mine', 'Imaging High-Grade Uranium Deposits at Orano’s McClean Lake Project']",2024-11-21T11:54:33.811768,Ideon,0.0,0.0,0.0,0,0,Error,access the highresolution imaging needed to precisely delineate subsurface features at depth and in the complex operational environment of an active mine site no other remote sensing technology can deliver this powerful combination
Identify and map targets,h2,https://ideon.ai/ideon-reveal-for-exploration,Ideon Reveal for Exploration - Ideon Technologies,,"['Muon Tomography for Mapping Voids & Remnant Mineralization at Vale Base Metals’ Creighton Mine', 'Muon Tomography for Mine Extension at Vale Base Metals’ Totten Mine', 'Muon Tomography & Multi-Physics Fusion for Nickel Massive Sulphide Mapping at BHP’s Leinster Mine', 'Imaging High-Grade Uranium Deposits at Orano’s McClean Lake Project']",2024-11-21T11:54:33.811771,Ideon,0.0,0.0,0.0,0,0,Error,identify and map targets
Measure characteristics,h2,https://ideon.ai/ideon-reveal-for-exploration,Ideon Reveal for Exploration - Ideon Technologies,,"['Muon Tomography for Mapping Voids & Remnant Mineralization at Vale Base Metals’ Creighton Mine', 'Muon Tomography for Mine Extension at Vale Base Metals’ Totten Mine', 'Muon Tomography & Multi-Physics Fusion for Nickel Massive Sulphide Mapping at BHP’s Leinster Mine', 'Imaging High-Grade Uranium Deposits at Orano’s McClean Lake Project']",2024-11-21T11:54:33.811773,Ideon,0.0,0.0,0.0,0,0,Error,measure characteristics
Determine the value of ore,h2,https://ideon.ai/ideon-reveal-for-exploration,Ideon Reveal for Exploration - Ideon Technologies,,"['Muon Tomography for Mapping Voids & Remnant Mineralization at Vale Base Metals’ Creighton Mine', 'Muon Tomography for Mine Extension at Vale Base Metals’ Totten Mine', 'Muon Tomography & Multi-Physics Fusion for Nickel Massive Sulphide Mapping at BHP’s Leinster Mine', 'Imaging High-Grade Uranium Deposits at Orano’s McClean Lake Project']",2024-11-21T11:54:33.811775,Ideon,0.0,0.0,0.0,0,0,Error,determine the value of ore
Optimize operations,h2,https://ideon.ai/ideon-reveal-for-exploration,Ideon Reveal for Exploration - Ideon Technologies,,"['Muon Tomography for Mapping Voids & Remnant Mineralization at Vale Base Metals’ Creighton Mine', 'Muon Tomography for Mine Extension at Vale Base Metals’ Totten Mine', 'Muon Tomography & Multi-Physics Fusion for Nickel Massive Sulphide Mapping at BHP’s Leinster Mine', 'Imaging High-Grade Uranium Deposits at Orano’s McClean Lake Project']",2024-11-21T11:54:33.811777,Ideon,0.0,0.0,0.0,0,0,Error,optimize operations
Operate safely,h2,https://ideon.ai/ideon-reveal-for-exploration,Ideon Reveal for Exploration - Ideon Technologies,,"['Muon Tomography for Mapping Voids & Remnant Mineralization at Vale Base Metals’ Creighton Mine', 'Muon Tomography for Mine Extension at Vale Base Metals’ Totten Mine', 'Muon Tomography & Multi-Physics Fusion for Nickel Massive Sulphide Mapping at BHP’s Leinster Mine', 'Imaging High-Grade Uranium Deposits at Orano’s McClean Lake Project']",2024-11-21T11:54:33.811779,Ideon,0.0,0.0,0.0,0,0,Error,operate safely
Drill less. Discover more. Faster.,h2,https://ideon.ai/ideon-reveal-for-exploration,Ideon Reveal for Exploration - Ideon Technologies,,"['Muon Tomography for Mapping Voids & Remnant Mineralization at Vale Base Metals’ Creighton Mine', 'Muon Tomography for Mine Extension at Vale Base Metals’ Totten Mine', 'Muon Tomography & Multi-Physics Fusion for Nickel Massive Sulphide Mapping at BHP’s Leinster Mine', 'Imaging High-Grade Uranium Deposits at Orano’s McClean Lake Project']",2024-11-21T11:54:33.811782,Ideon,0.0,0.0,0.0,0,0,Error,drill less discover more faster
Exploration focuses on finding new deposits or extensions to existing deposits.Exploration activities provide accurate spatial information and intelligence to determine if there are minerals underground in a target area. Greenfield exploration focuses on potential new mine sites in unexplored or currently undeveloped areas. Brownfield exploration involves searching in the immediate vicinity of existing mine sites for additional deposits to replenish resources and reserves as mining companies draw down on them each year. Ideon is focused on mine life extension and production capacity increases on active mine sites that have the potential to materially improve the world supply of critical metals.,p,https://ideon.ai/ideon-reveal-for-exploration,Ideon Reveal for Exploration - Ideon Technologies,,"['Muon Tomography for Mapping Voids & Remnant Mineralization at Vale Base Metals’ Creighton Mine', 'Muon Tomography for Mine Extension at Vale Base Metals’ Totten Mine', 'Muon Tomography & Multi-Physics Fusion for Nickel Massive Sulphide Mapping at BHP’s Leinster Mine', 'Imaging High-Grade Uranium Deposits at Orano’s McClean Lake Project']",2024-11-21T11:54:33.811787,Ideon,0.0,0.0,0.0,0,0,Error,exploration focuses on finding new deposits or extensions to existing depositsexploration activities provide accurate spatial information and intelligence to determine if there are minerals underground in a target area greenfield exploration focuses on potential new mine sites in unexplored or currently undeveloped areas brownfield exploration involves searching in the immediate vicinity of existing mine sites for additional deposits to replenish resources and reserves as mining companies draw down on them each year ideon is focused on mine life extension and production capacity increases on active mine sites that have the potential to materially improve the world supply of critical metals
"Geological uncertainty impedes growth, drives cost, and increases time to market.The big challenge in mining is never knowing for certain what lies in the subsurface. You may extract and analyze data from hundreds or thousands of drill holes, interpolating what may exist between those geological biopsies. Even with all those holes, you still don’t know for sure. It feels like flying blind sometimes, yet enormous investment and operational decisions are based on that fractional information about what might be there.",p,https://ideon.ai/ideon-reveal-for-exploration,Ideon Reveal for Exploration - Ideon Technologies,,"['Muon Tomography for Mapping Voids & Remnant Mineralization at Vale Base Metals’ Creighton Mine', 'Muon Tomography for Mine Extension at Vale Base Metals’ Totten Mine', 'Muon Tomography & Multi-Physics Fusion for Nickel Massive Sulphide Mapping at BHP’s Leinster Mine', 'Imaging High-Grade Uranium Deposits at Orano’s McClean Lake Project']",2024-11-21T11:54:33.811792,Ideon,0.0,0.0,0.0,0,0,Error,geological uncertainty impedes growth drives cost and increases time to marketthe big challenge in mining is never knowing for certain what lies in the subsurface you may extract and analyze data from hundreds or thousands of drill holes interpolating what may exist between those geological biopsies even with all those holes you still dont know for sure it feels like flying blind sometimes yet enormous investment and operational decisions are based on that fractional information about what might be there
"Ideon reduces geological uncertainty, giving you confidence to move earlier, faster, and with less risk",h2,https://ideon.ai/ideon-reveal-for-exploration,Ideon Reveal for Exploration - Ideon Technologies,,"['Muon Tomography for Mapping Voids & Remnant Mineralization at Vale Base Metals’ Creighton Mine', 'Muon Tomography for Mine Extension at Vale Base Metals’ Totten Mine', 'Muon Tomography & Multi-Physics Fusion for Nickel Massive Sulphide Mapping at BHP’s Leinster Mine', 'Imaging High-Grade Uranium Deposits at Orano’s McClean Lake Project']",2024-11-21T11:54:33.811794,Ideon,0.0,0.0,0.0,0,0,Error,ideon reduces geological uncertainty giving you confidence to move earlier faster and with less risk
"Ideon can confirm what you believe you know about the subsurface – and reveal what you don’t know – which can be even more valuable in terms of decision-making. Our suite of hardware, software, AI-powered services, and multi-physics fusion techniques allows us to create high-resolution, dynamic Earth models and unlock the exponential power of integrated spatial data.",p,https://ideon.ai/ideon-reveal-for-exploration,Ideon Reveal for Exploration - Ideon Technologies,,"['Muon Tomography for Mapping Voids & Remnant Mineralization at Vale Base Metals’ Creighton Mine', 'Muon Tomography for Mine Extension at Vale Base Metals’ Totten Mine', 'Muon Tomography & Multi-Physics Fusion for Nickel Massive Sulphide Mapping at BHP’s Leinster Mine', 'Imaging High-Grade Uranium Deposits at Orano’s McClean Lake Project']",2024-11-21T11:54:33.811797,Ideon,0.0,0.0,0.0,0,0,Error,ideon can confirm what you believe you know about the subsurface and reveal what you dont know which can be even more valuable in terms of decisionmaking our suite of hardware software aipowered services and multiphysics fusion techniques allows us to create highresolution dynamic earth models and unlock the exponential power of integrated spatial data
"We help you identify and map subsurface targets, understand their characteristics, determine the value of ore in the ground, and help optimize your mining operations to get those metals to market quickly, safely, and more profitably.",p,https://ideon.ai/ideon-reveal-for-exploration,Ideon Reveal for Exploration - Ideon Technologies,,"['Muon Tomography for Mapping Voids & Remnant Mineralization at Vale Base Metals’ Creighton Mine', 'Muon Tomography for Mine Extension at Vale Base Metals’ Totten Mine', 'Muon Tomography & Multi-Physics Fusion for Nickel Massive Sulphide Mapping at BHP’s Leinster Mine', 'Imaging High-Grade Uranium Deposits at Orano’s McClean Lake Project']",2024-11-21T11:54:33.811798,Ideon,0.0,0.0,0.0,0,0,Error,we help you identify and map subsurface targets understand their characteristics determine the value of ore in the ground and help optimize your mining operations to get those metals to market quickly safely and more profitably
Ideon has imaged billions of cubic metres of the Earth’s subsurface – at metre-scale resolution.,h2,https://ideon.ai/ideon-reveal-for-exploration,Ideon Reveal for Exploration - Ideon Technologies,,"['Muon Tomography for Mapping Voids & Remnant Mineralization at Vale Base Metals’ Creighton Mine', 'Muon Tomography for Mine Extension at Vale Base Metals’ Totten Mine', 'Muon Tomography & Multi-Physics Fusion for Nickel Massive Sulphide Mapping at BHP’s Leinster Mine', 'Imaging High-Grade Uranium Deposits at Orano’s McClean Lake Project']",2024-11-21T11:54:33.811800,Ideon,0.0,0.0,0.0,0,0,Error,ideon has imaged billions of cubic metres of the earths subsurface at metrescale resolution
"Gain an unmatched understanding of the Earth’s subsurface, unlocking economic value across your operations:",p,https://ideon.ai/ideon-reveal-for-exploration,Ideon Reveal for Exploration - Ideon Technologies,,"['Muon Tomography for Mapping Voids & Remnant Mineralization at Vale Base Metals’ Creighton Mine', 'Muon Tomography for Mine Extension at Vale Base Metals’ Totten Mine', 'Muon Tomography & Multi-Physics Fusion for Nickel Massive Sulphide Mapping at BHP’s Leinster Mine', 'Imaging High-Grade Uranium Deposits at Orano’s McClean Lake Project']",2024-11-21T11:54:33.811802,Ideon,0.0,0.0,0.0,0,0,Error,gain an unmatched understanding of the earths subsurface unlocking economic value across your operations
Quickly build a macro view of a large volume of earth in an exploration zone. Focus remaining drilling activity on validating targets rather than trying to discover them.,p,https://ideon.ai/ideon-reveal-for-exploration,Ideon Reveal for Exploration - Ideon Technologies,,"['Muon Tomography for Mapping Voids & Remnant Mineralization at Vale Base Metals’ Creighton Mine', 'Muon Tomography for Mine Extension at Vale Base Metals’ Totten Mine', 'Muon Tomography & Multi-Physics Fusion for Nickel Massive Sulphide Mapping at BHP’s Leinster Mine', 'Imaging High-Grade Uranium Deposits at Orano’s McClean Lake Project']",2024-11-21T11:54:33.811804,Ideon,0.0,0.0,0.0,0,0,Error,quickly build a macro view of a large volume of earth in an exploration zone focus remaining drilling activity on validating targets rather than trying to discover them
"Image millions of m3 of earth from just a few surface boreholes or from existing underground workings. Achieve more with limited drilling resources, reduce site disruption, and avoid bureaucratic hurdles that slow progress.",p,https://ideon.ai/ideon-reveal-for-exploration,Ideon Reveal for Exploration - Ideon Technologies,,"['Muon Tomography for Mapping Voids & Remnant Mineralization at Vale Base Metals’ Creighton Mine', 'Muon Tomography for Mine Extension at Vale Base Metals’ Totten Mine', 'Muon Tomography & Multi-Physics Fusion for Nickel Massive Sulphide Mapping at BHP’s Leinster Mine', 'Imaging High-Grade Uranium Deposits at Orano’s McClean Lake Project']",2024-11-21T11:54:33.811806,Ideon,0.0,0.0,0.0,0,0,Error,image millions of m of earth from just a few surface boreholes or from existing underground workings achieve more with limited drilling resources reduce site disruption and avoid bureaucratic hurdles that slow progress
Remotely identify subsurface structures or voids that could mitigate potentially unsafe situations for personnel or equipment.,p,https://ideon.ai/ideon-reveal-for-exploration,Ideon Reveal for Exploration - Ideon Technologies,,"['Muon Tomography for Mapping Voids & Remnant Mineralization at Vale Base Metals’ Creighton Mine', 'Muon Tomography for Mine Extension at Vale Base Metals’ Totten Mine', 'Muon Tomography & Multi-Physics Fusion for Nickel Massive Sulphide Mapping at BHP’s Leinster Mine', 'Imaging High-Grade Uranium Deposits at Orano’s McClean Lake Project']",2024-11-21T11:54:33.811808,Ideon,0.0,0.0,0.0,0,0,Error,remotely identify subsurface structures or voids that could mitigate potentially unsafe situations for personnel or equipment
Identify subtle differences in subsurface features that other technologies completely miss. Unlock previously sterilized areas that may hold untapped ore (often at higher grade). Sterilize other areas that do not contain meaningful mineralization and confidently move on without fear of having missed anything between widely spaced drillholes. Stretch your exploration budget further and get product to market quicker.,p,https://ideon.ai/ideon-reveal-for-exploration,Ideon Reveal for Exploration - Ideon Technologies,,"['Muon Tomography for Mapping Voids & Remnant Mineralization at Vale Base Metals’ Creighton Mine', 'Muon Tomography for Mine Extension at Vale Base Metals’ Totten Mine', 'Muon Tomography & Multi-Physics Fusion for Nickel Massive Sulphide Mapping at BHP’s Leinster Mine', 'Imaging High-Grade Uranium Deposits at Orano’s McClean Lake Project']",2024-11-21T11:54:33.811810,Ideon,0.0,0.0,0.0,0,0,Error,identify subtle differences in subsurface features that other technologies completely miss unlock previously sterilized areas that may hold untapped ore often at higher grade sterilize other areas that do not contain meaningful mineralization and confidently move on without fear of having missed anything between widely spaced drillholes stretch your exploration budget further and get product to market quicker
See how others are leveraging REVEAL™ for Exploration,h2,https://ideon.ai/ideon-reveal-for-exploration,Ideon Reveal for Exploration - Ideon Technologies,,"['Muon Tomography for Mapping Voids & Remnant Mineralization at Vale Base Metals’ Creighton Mine', 'Muon Tomography for Mine Extension at Vale Base Metals’ Totten Mine', 'Muon Tomography & Multi-Physics Fusion for Nickel Massive Sulphide Mapping at BHP’s Leinster Mine', 'Imaging High-Grade Uranium Deposits at Orano’s McClean Lake Project']",2024-11-21T11:54:33.811813,Ideon,0.0,0.0,0.0,0,0,Error,see how others are leveraging reveal for exploration
"The most innovative mining companies in the world are putting Ideon to work, accessing an unmatched understanding of the Earth’s subsurface and unlocking economic value across their operations.",p,https://ideon.ai/ideon-reveal-for-exploration,Ideon Reveal for Exploration - Ideon Technologies,,"['Muon Tomography for Mapping Voids & Remnant Mineralization at Vale Base Metals’ Creighton Mine', 'Muon Tomography for Mine Extension at Vale Base Metals’ Totten Mine', 'Muon Tomography & Multi-Physics Fusion for Nickel Massive Sulphide Mapping at BHP’s Leinster Mine', 'Imaging High-Grade Uranium Deposits at Orano’s McClean Lake Project']",2024-11-21T11:54:33.811816,Ideon,0.0,0.0,0.0,0,0,Error,the most innovative mining companies in the world are putting ideon to work accessing an unmatched understanding of the earths subsurface and unlocking economic value across their operations
Muon Tomography for Mapping Voids & Remnant Mineralization at Vale Base Metals’ Creighton Mine,h1,https://ideon.ai/ideon-reveal-for-exploration,Ideon Reveal for Exploration - Ideon Technologies,,"['Muon Tomography for Mapping Voids & Remnant Mineralization at Vale Base Metals’ Creighton Mine', 'Muon Tomography for Mine Extension at Vale Base Metals’ Totten Mine', 'Muon Tomography & Multi-Physics Fusion for Nickel Massive Sulphide Mapping at BHP’s Leinster Mine', 'Imaging High-Grade Uranium Deposits at Orano’s McClean Lake Project']",2024-11-21T11:54:33.811817,Ideon,0.0,0.0,0.0,0,0,Error,muon tomography for mapping voids remnant mineralization at vale base metals creighton mine
Muon Tomography for Mine Extension at Vale Base Metals’ Totten Mine,h1,https://ideon.ai/ideon-reveal-for-exploration,Ideon Reveal for Exploration - Ideon Technologies,,"['Muon Tomography for Mapping Voids & Remnant Mineralization at Vale Base Metals’ Creighton Mine', 'Muon Tomography for Mine Extension at Vale Base Metals’ Totten Mine', 'Muon Tomography & Multi-Physics Fusion for Nickel Massive Sulphide Mapping at BHP’s Leinster Mine', 'Imaging High-Grade Uranium Deposits at Orano’s McClean Lake Project']",2024-11-21T11:54:33.811822,Ideon,0.0,0.0,0.0,0,0,Error,muon tomography for mine extension at vale base metals totten mine
Muon Tomography & Multi-Physics Fusion for Nickel Massive Sulphide Mapping at BHP’s Leinster Mine,h1,https://ideon.ai/ideon-reveal-for-exploration,Ideon Reveal for Exploration - Ideon Technologies,,"['Muon Tomography for Mapping Voids & Remnant Mineralization at Vale Base Metals’ Creighton Mine', 'Muon Tomography for Mine Extension at Vale Base Metals’ Totten Mine', 'Muon Tomography & Multi-Physics Fusion for Nickel Massive Sulphide Mapping at BHP’s Leinster Mine', 'Imaging High-Grade Uranium Deposits at Orano’s McClean Lake Project']",2024-11-21T11:54:33.811824,Ideon,0.0,0.0,0.0,0,0,Error,muon tomography multiphysics fusion for nickel massive sulphide mapping at bhps leinster mine
Imaging High-Grade Uranium Deposits at Orano’s McClean Lake Project,h1,https://ideon.ai/ideon-reveal-for-exploration,Ideon Reveal for Exploration - Ideon Technologies,,"['Muon Tomography for Mapping Voids & Remnant Mineralization at Vale Base Metals’ Creighton Mine', 'Muon Tomography for Mine Extension at Vale Base Metals’ Totten Mine', 'Muon Tomography & Multi-Physics Fusion for Nickel Massive Sulphide Mapping at BHP’s Leinster Mine', 'Imaging High-Grade Uranium Deposits at Orano’s McClean Lake Project']",2024-11-21T11:54:33.811826,Ideon,0.0,0.0,0.0,0,0,Error,imaging highgrade uranium deposits at oranos mcclean lake project
Drill less. Discover more. Faster.,h2,https://ideon.ai/ideon-reveal-for-exploration,Ideon Reveal for Exploration - Ideon Technologies,,"['Muon Tomography for Mapping Voids & Remnant Mineralization at Vale Base Metals’ Creighton Mine', 'Muon Tomography for Mine Extension at Vale Base Metals’ Totten Mine', 'Muon Tomography & Multi-Physics Fusion for Nickel Massive Sulphide Mapping at BHP’s Leinster Mine', 'Imaging High-Grade Uranium Deposits at Orano’s McClean Lake Project']",2024-11-21T11:54:33.811828,Ideon,0.0,0.0,0.0,0,0,Error,drill less discover more faster
Get in touch with our Business Development team to learn how.,h2,https://ideon.ai/ideon-reveal-for-exploration,Ideon Reveal for Exploration - Ideon Technologies,,"['Muon Tomography for Mapping Voids & Remnant Mineralization at Vale Base Metals’ Creighton Mine', 'Muon Tomography for Mine Extension at Vale Base Metals’ Totten Mine', 'Muon Tomography & Multi-Physics Fusion for Nickel Massive Sulphide Mapping at BHP’s Leinster Mine', 'Imaging High-Grade Uranium Deposits at Orano’s McClean Lake Project']",2024-11-21T11:54:33.811830,Ideon,0.0,0.0,0.0,0,0,Error,get in touch with our business development team to learn how
"© 2024 Ideon Technologies, Inc. All Rights Reserved.",p,https://ideon.ai/ideon-reveal-for-exploration,Ideon Reveal for Exploration - Ideon Technologies,,"['Muon Tomography for Mapping Voids & Remnant Mineralization at Vale Base Metals’ Creighton Mine', 'Muon Tomography for Mine Extension at Vale Base Metals’ Totten Mine', 'Muon Tomography & Multi-Physics Fusion for Nickel Massive Sulphide Mapping at BHP’s Leinster Mine', 'Imaging High-Grade Uranium Deposits at Orano’s McClean Lake Project']",2024-11-21T11:54:33.811832,Ideon,0.0,0.0,0.0,0,0,Error,ideon technologies inc all rights reserved
"August 27, 2024",p,https://ideon.ai/results/vale-base-metals-creighton-mine,Muon Tomography for Mapping Voids & Remnant Mineralization at Vale Base Metals' Creighton Mine - Ideon Technologies,Using muon tomography to successfully map subsurface void zones for geotechnical mapping at Vale Base Metals' Creighton mine.,['Muon Tomography for Mapping Voids & Remnant Mineralization'],2024-11-21T11:54:34.766295,Ideon,0.0,0.0,0.0,0,0,Error,august
VALE BASE METALS,h2,https://ideon.ai/results/vale-base-metals-creighton-mine,Muon Tomography for Mapping Voids & Remnant Mineralization at Vale Base Metals' Creighton Mine - Ideon Technologies,Using muon tomography to successfully map subsurface void zones for geotechnical mapping at Vale Base Metals' Creighton mine.,['Muon Tomography for Mapping Voids & Remnant Mineralization'],2024-11-21T11:54:34.766316,Ideon,0.0,0.0,0.0,0,0,Error,vale base metals
Muon Tomography for Mapping Voids & Remnant Mineralization,h1,https://ideon.ai/results/vale-base-metals-creighton-mine,Muon Tomography for Mapping Voids & Remnant Mineralization at Vale Base Metals' Creighton Mine - Ideon Technologies,Using muon tomography to successfully map subsurface void zones for geotechnical mapping at Vale Base Metals' Creighton mine.,['Muon Tomography for Mapping Voids & Remnant Mineralization'],2024-11-21T11:54:34.766320,Ideon,0.0,0.0,0.0,0,0,Error,muon tomography for mapping voids remnant mineralization
"High-resolution imaging of voids and rubble zones, mined-out stopes, underground workings and cave, and remnant mineralization.",p,https://ideon.ai/results/vale-base-metals-creighton-mine,Muon Tomography for Mapping Voids & Remnant Mineralization at Vale Base Metals' Creighton Mine - Ideon Technologies,Using muon tomography to successfully map subsurface void zones for geotechnical mapping at Vale Base Metals' Creighton mine.,['Muon Tomography for Mapping Voids & Remnant Mineralization'],2024-11-21T11:54:34.766323,Ideon,0.0,0.0,0.0,0,0,Error,highresolution imaging of voids and rubble zones minedout stopes underground workings and cave and remnant mineralization
Creighton Mine,p,https://ideon.ai/results/vale-base-metals-creighton-mine,Muon Tomography for Mapping Voids & Remnant Mineralization at Vale Base Metals' Creighton Mine - Ideon Technologies,Using muon tomography to successfully map subsurface void zones for geotechnical mapping at Vale Base Metals' Creighton mine.,['Muon Tomography for Mapping Voids & Remnant Mineralization'],2024-11-21T11:54:34.766327,Ideon,0.0,0.0,0.0,0,0,Error,creighton mine
PROJECT,p,https://ideon.ai/results/vale-base-metals-creighton-mine,Muon Tomography for Mapping Voids & Remnant Mineralization at Vale Base Metals' Creighton Mine - Ideon Technologies,Using muon tomography to successfully map subsurface void zones for geotechnical mapping at Vale Base Metals' Creighton mine.,['Muon Tomography for Mapping Voids & Remnant Mineralization'],2024-11-21T11:54:34.766331,Ideon,0.0,0.0,0.0,0,0,Error,project
"Sudbury, Canada",p,https://ideon.ai/results/vale-base-metals-creighton-mine,Muon Tomography for Mapping Voids & Remnant Mineralization at Vale Base Metals' Creighton Mine - Ideon Technologies,Using muon tomography to successfully map subsurface void zones for geotechnical mapping at Vale Base Metals' Creighton mine.,['Muon Tomography for Mapping Voids & Remnant Mineralization'],2024-11-21T11:54:34.766344,Ideon,0.0,0.0,0.0,0,0,Error,sudbury canada
LOCATION,p,https://ideon.ai/results/vale-base-metals-creighton-mine,Muon Tomography for Mapping Voids & Remnant Mineralization at Vale Base Metals' Creighton Mine - Ideon Technologies,Using muon tomography to successfully map subsurface void zones for geotechnical mapping at Vale Base Metals' Creighton mine.,['Muon Tomography for Mapping Voids & Remnant Mineralization'],2024-11-21T11:54:34.766376,Ideon,0.0,0.0,0.0,0,0,Error,location
Borehole,p,https://ideon.ai/results/vale-base-metals-creighton-mine,Muon Tomography for Mapping Voids & Remnant Mineralization at Vale Base Metals' Creighton Mine - Ideon Technologies,Using muon tomography to successfully map subsurface void zones for geotechnical mapping at Vale Base Metals' Creighton mine.,['Muon Tomography for Mapping Voids & Remnant Mineralization'],2024-11-21T11:54:34.766396,Ideon,0.0,0.0,0.0,0,0,Error,borehole
IDEON DETECTOR TYPE,p,https://ideon.ai/results/vale-base-metals-creighton-mine,Muon Tomography for Mapping Voids & Remnant Mineralization at Vale Base Metals' Creighton Mine - Ideon Technologies,Using muon tomography to successfully map subsurface void zones for geotechnical mapping at Vale Base Metals' Creighton mine.,['Muon Tomography for Mapping Voids & Remnant Mineralization'],2024-11-21T11:54:34.766402,Ideon,0.0,0.0,0.0,0,0,Error,ideon detector type
Subsurface Voids & Remnant Mineralization,p,https://ideon.ai/results/vale-base-metals-creighton-mine,Muon Tomography for Mapping Voids & Remnant Mineralization at Vale Base Metals' Creighton Mine - Ideon Technologies,Using muon tomography to successfully map subsurface void zones for geotechnical mapping at Vale Base Metals' Creighton mine.,['Muon Tomography for Mapping Voids & Remnant Mineralization'],2024-11-21T11:54:34.766413,Ideon,0.0,0.0,0.0,0,0,Error,subsurface voids remnant mineralization
DEPOSIT TYPE,p,https://ideon.ai/results/vale-base-metals-creighton-mine,Muon Tomography for Mapping Voids & Remnant Mineralization at Vale Base Metals' Creighton Mine - Ideon Technologies,Using muon tomography to successfully map subsurface void zones for geotechnical mapping at Vale Base Metals' Creighton mine.,['Muon Tomography for Mapping Voids & Remnant Mineralization'],2024-11-21T11:54:34.766415,Ideon,0.0,0.0,0.0,0,0,Error,deposit type
Value Impacts,h2,https://ideon.ai/results/vale-base-metals-creighton-mine,Muon Tomography for Mapping Voids & Remnant Mineralization at Vale Base Metals' Creighton Mine - Ideon Technologies,Using muon tomography to successfully map subsurface void zones for geotechnical mapping at Vale Base Metals' Creighton mine.,['Muon Tomography for Mapping Voids & Remnant Mineralization'],2024-11-21T11:54:34.766416,Ideon,0.0,0.0,0.0,0,0,Error,value impacts
"The unconstrained analysis, later validated with drill data and geological modelling provided by Vale Base Metals, delivered high-resolution geological and geotechnical insights throughout the survey area:",p,https://ideon.ai/results/vale-base-metals-creighton-mine,Muon Tomography for Mapping Voids & Remnant Mineralization at Vale Base Metals' Creighton Mine - Ideon Technologies,Using muon tomography to successfully map subsurface void zones for geotechnical mapping at Vale Base Metals' Creighton mine.,['Muon Tomography for Mapping Voids & Remnant Mineralization'],2024-11-21T11:54:34.766418,Ideon,0.0,0.0,0.0,0,0,Error,the unconstrained analysis later validated with drill data and geological modelling provided by vale base metals delivered highresolution geological and geotechnical insights throughout the survey area
"Located about 15 km west of Sudbury, Ontario, Creighton Mine is an underground nickel, copper, and platinum-group elements (PGE) mine. It is currently the deepest nickel mine in Canada, and one of the ten deepest mines in the world (at 2.4 km). Open pit mining began at Creighton in 1901, followed by underground mining in 1906. At one point, two-thirds of the world’s supply of nickel was mined there. The deposits at Creighton Mine were the first mineralized deposits discovered in the Sudbury Igneous Complex (SIC) mining camp, dating back to 1856. It hosts contact- and footwall-style mineralization. Current expansion plans could extend the life of Creighton Mine from 2027 to 2038.",p,https://ideon.ai/results/vale-base-metals-creighton-mine,Muon Tomography for Mapping Voids & Remnant Mineralization at Vale Base Metals' Creighton Mine - Ideon Technologies,Using muon tomography to successfully map subsurface void zones for geotechnical mapping at Vale Base Metals' Creighton mine.,['Muon Tomography for Mapping Voids & Remnant Mineralization'],2024-11-21T11:54:34.766419,Ideon,0.0,0.0,0.0,0,0,Error,located about km west of sudbury ontario creighton mine is an underground nickel copper and platinumgroup elements pge mine it is currently the deepest nickel mine in canada and one of the ten deepest mines in the world at km open pit mining began at creighton in followed by underground mining in at one point twothirds of the worlds supply of nickel was mined there the deposits at creighton mine were the first mineralized deposits discovered in the sudbury igneous complex sic mining camp dating back to it hosts contact and footwallstyle mineralization current expansion plans could extend the life of creighton mine from to
"Ideon provided Vale Base Metals with a full-service imaging and intelligence program, including customized deployment design and modelling to ensure optimal outcomes, turnkey equipment bundling and installation logistics, continuous imaging with regular updates to show progressive resolution improvement, remote monitoring and diagnostics, geoscientific analysis and interpretation, and onsite results immersion.",p,https://ideon.ai/results/vale-base-metals-creighton-mine,Muon Tomography for Mapping Voids & Remnant Mineralization at Vale Base Metals' Creighton Mine - Ideon Technologies,Using muon tomography to successfully map subsurface void zones for geotechnical mapping at Vale Base Metals' Creighton mine.,['Muon Tomography for Mapping Voids & Remnant Mineralization'],2024-11-21T11:54:34.766421,Ideon,0.0,0.0,0.0,0,0,Error,ideon provided vale base metals with a fullservice imaging and intelligence program including customized deployment design and modelling to ensure optimal outcomes turnkey equipment bundling and installation logistics continuous imaging with regular updates to show progressive resolution improvement remote monitoring and diagnostics geoscientific analysis and interpretation and onsite results immersion
"The objective of the study was to demonstrate muon tomography for void mapping in an area where the geological model was well understood, helping validate models of the void area and lower the geotechnical risks involved in operations in an older mine site. Ideally, the survey would provide additional value to Vale Base Metals by successfully identifying areas of remnant mineralization that may have been deprioritized in earlier mining operations. The primary imaging target was the contact between competent rock and the rubble, at the bottom of the historic pit.",p,https://ideon.ai/results/vale-base-metals-creighton-mine,Muon Tomography for Mapping Voids & Remnant Mineralization at Vale Base Metals' Creighton Mine - Ideon Technologies,Using muon tomography to successfully map subsurface void zones for geotechnical mapping at Vale Base Metals' Creighton mine.,['Muon Tomography for Mapping Voids & Remnant Mineralization'],2024-11-21T11:54:34.766423,Ideon,0.0,0.0,0.0,0,0,Error,the objective of the study was to demonstrate muon tomography for void mapping in an area where the geological model was well understood helping validate models of the void area and lower the geotechnical risks involved in operations in an older mine site ideally the survey would provide additional value to vale base metals by successfully identifying areas of remnant mineralization that may have been deprioritized in earlier mining operations the primary imaging target was the contact between competent rock and the rubble at the bottom of the historic pit
"Ideon deployed 16 borehole detectors in four sensor arrays, down four drillholes positioned around the historic open pit on the Creighton site. The detectors were situated from approximately 200 m to 645 m deep and gathered data over a period of 6 months. Data intake and analysis in the Ideon cloud platform were conducted remotely via high-speed cellular connection to verify quality and system calibration, unlock near-real-time subsurface density imaging with continuously improving resolution.",p,https://ideon.ai/results/vale-base-metals-creighton-mine,Muon Tomography for Mapping Voids & Remnant Mineralization at Vale Base Metals' Creighton Mine - Ideon Technologies,Using muon tomography to successfully map subsurface void zones for geotechnical mapping at Vale Base Metals' Creighton mine.,['Muon Tomography for Mapping Voids & Remnant Mineralization'],2024-11-21T11:54:34.766424,Ideon,0.0,0.0,0.0,0,0,Error,ideon deployed borehole detectors in four sensor arrays down four drillholes positioned around the historic open pit on the creighton site the detectors were situated from approximately m to m deep and gathered data over a period of months data intake and analysis in the ideon cloud platform were conducted remotely via highspeed cellular connection to verify quality and system calibration unlock nearrealtime subsurface density imaging with continuously improving resolution
"Creighton Mine, showing intensity of drilling activity (500+ drillholes completed over decades of active exploration and mine operations.",p,https://ideon.ai/results/vale-base-metals-creighton-mine,Muon Tomography for Mapping Voids & Remnant Mineralization at Vale Base Metals' Creighton Mine - Ideon Technologies,Using muon tomography to successfully map subsurface void zones for geotechnical mapping at Vale Base Metals' Creighton mine.,['Muon Tomography for Mapping Voids & Remnant Mineralization'],2024-11-21T11:54:34.766426,Ideon,0.0,0.0,0.0,0,0,Error,creighton mine showing intensity of drilling activity drillholes completed over decades of active exploration and mine operations
"Ideon then delivered a robust 3D density model of the target area using muon data without any constraining geological information. This was a blind, unconstrained data analysis. After the delivery of the 3D density model, results were mapped to the Vale geological model to validate outcomes.",p,https://ideon.ai/results/vale-base-metals-creighton-mine,Muon Tomography for Mapping Voids & Remnant Mineralization at Vale Base Metals' Creighton Mine - Ideon Technologies,Using muon tomography to successfully map subsurface void zones for geotechnical mapping at Vale Base Metals' Creighton mine.,['Muon Tomography for Mapping Voids & Remnant Mineralization'],2024-11-21T11:54:34.766427,Ideon,0.0,0.0,0.0,0,0,Error,ideon then delivered a robust d density model of the target area using muon data without any constraining geological information this was a blind unconstrained data analysis after the delivery of the d density model results were mapped to the vale geological model to validate outcomes
Discover the outcomes at Creighton,h2,https://ideon.ai/results/vale-base-metals-creighton-mine,Muon Tomography for Mapping Voids & Remnant Mineralization at Vale Base Metals' Creighton Mine - Ideon Technologies,Using muon tomography to successfully map subsurface void zones for geotechnical mapping at Vale Base Metals' Creighton mine.,['Muon Tomography for Mapping Voids & Remnant Mineralization'],2024-11-21T11:54:34.766428,Ideon,0.0,0.0,0.0,0,0,Error,discover the outcomes at creighton
"The imaging program successfully met the primary objective of mapping subsurface void zones in good detail, proving the utility of muon tomography for geotechnical mapping purposes. The project also proved the capability in 3D mapping subtle mineralization regions with far superior geophysical methods. The information and insights generated from 4 boreholes over 6 months equates to that gathered over decades from more than 500 drillholes.",p,https://ideon.ai/results/vale-base-metals-creighton-mine,Muon Tomography for Mapping Voids & Remnant Mineralization at Vale Base Metals' Creighton Mine - Ideon Technologies,Using muon tomography to successfully map subsurface void zones for geotechnical mapping at Vale Base Metals' Creighton mine.,['Muon Tomography for Mapping Voids & Remnant Mineralization'],2024-11-21T11:54:34.766430,Ideon,0.0,0.0,0.0,0,0,Error,the imaging program successfully met the primary objective of mapping subsurface void zones in good detail proving the utility of muon tomography for geotechnical mapping purposes the project also proved the capability in d mapping subtle mineralization regions with far superior geophysical methods the information and insights generated from boreholes over months equates to that gathered over decades from more than drillholes
Download the full case study for detailed content and analysis at the Creighton project.,p,https://ideon.ai/results/vale-base-metals-creighton-mine,Muon Tomography for Mapping Voids & Remnant Mineralization at Vale Base Metals' Creighton Mine - Ideon Technologies,Using muon tomography to successfully map subsurface void zones for geotechnical mapping at Vale Base Metals' Creighton mine.,['Muon Tomography for Mapping Voids & Remnant Mineralization'],2024-11-21T11:54:34.766431,Ideon,0.0,0.0,0.0,0,0,Error,download the full case study for detailed content and analysis at the creighton project
"© 2024 Ideon Technologies, Inc. All Rights Reserved.",p,https://ideon.ai/results/vale-base-metals-creighton-mine,Muon Tomography for Mapping Voids & Remnant Mineralization at Vale Base Metals' Creighton Mine - Ideon Technologies,Using muon tomography to successfully map subsurface void zones for geotechnical mapping at Vale Base Metals' Creighton mine.,['Muon Tomography for Mapping Voids & Remnant Mineralization'],2024-11-21T11:54:34.766433,Ideon,0.0,0.0,0.0,0,0,Error,ideon technologies inc all rights reserved
"March 5, 2024",p,https://ideon.ai/results/bhp-leinster-mine,Muon Tomography & Multi-Physics Fusion for Nickel Massive Sulphide Mapping at BHP's Leinster Mine Mine Case Study - Ideon Technologies,"Using multiphysics to map nickel massive sulphide at BHP's Leinster Mine, located at the Nickel West operations in Western Australia.",['Muon Tomography & Multi-Physics Fusion for Nickel Massive Sulphide Mapping'],2024-11-21T11:54:35.690183,Ideon,0.0,0.0,0.0,0,0,Error,march
Muon Tomography & Multi-Physics Fusion for Nickel Massive Sulphide Mapping,h1,https://ideon.ai/results/bhp-leinster-mine,Muon Tomography & Multi-Physics Fusion for Nickel Massive Sulphide Mapping at BHP's Leinster Mine Mine Case Study - Ideon Technologies,"Using multiphysics to map nickel massive sulphide at BHP's Leinster Mine, located at the Nickel West operations in Western Australia.",['Muon Tomography & Multi-Physics Fusion for Nickel Massive Sulphide Mapping'],2024-11-21T11:54:35.690193,Ideon,0.0,0.0,0.0,0,0,Error,muon tomography multiphysics fusion for nickel massive sulphide mapping
"This case study demonstrates the value of cosmic-ray muon tomography, deployed in mine and in boreholes from surface, for mineral exploration, resource mapping, and void detection. It shows how Ideon imaged 1.5 billion m3 of the subsurface with no additional drilling, delivering metre-scale resolution of both high- and low-density anomalies over a large area — unlocking low-cost, high-resolution prospecting and ore body mapping.",p,https://ideon.ai/results/bhp-leinster-mine,Muon Tomography & Multi-Physics Fusion for Nickel Massive Sulphide Mapping at BHP's Leinster Mine Mine Case Study - Ideon Technologies,"Using multiphysics to map nickel massive sulphide at BHP's Leinster Mine, located at the Nickel West operations in Western Australia.",['Muon Tomography & Multi-Physics Fusion for Nickel Massive Sulphide Mapping'],2024-11-21T11:54:35.690198,Ideon,0.0,0.0,0.0,0,0,Error,this case study demonstrates the value of cosmicray muon tomography deployed in mine and in boreholes from surface for mineral exploration resource mapping and void detection it shows how ideon imaged billion m of the subsurface with no additional drilling delivering metrescale resolution of both high and lowdensity anomalies over a large area unlocking lowcost highresolution prospecting and ore body mapping
Nickel West,p,https://ideon.ai/results/bhp-leinster-mine,Muon Tomography & Multi-Physics Fusion for Nickel Massive Sulphide Mapping at BHP's Leinster Mine Mine Case Study - Ideon Technologies,"Using multiphysics to map nickel massive sulphide at BHP's Leinster Mine, located at the Nickel West operations in Western Australia.",['Muon Tomography & Multi-Physics Fusion for Nickel Massive Sulphide Mapping'],2024-11-21T11:54:35.690199,Ideon,0.0,0.0,0.0,0,0,Error,nickel west
PROJECT,p,https://ideon.ai/results/bhp-leinster-mine,Muon Tomography & Multi-Physics Fusion for Nickel Massive Sulphide Mapping at BHP's Leinster Mine Mine Case Study - Ideon Technologies,"Using multiphysics to map nickel massive sulphide at BHP's Leinster Mine, located at the Nickel West operations in Western Australia.",['Muon Tomography & Multi-Physics Fusion for Nickel Massive Sulphide Mapping'],2024-11-21T11:54:35.690201,Ideon,0.0,0.0,0.0,0,0,Error,project
"Leinster, Australia",p,https://ideon.ai/results/bhp-leinster-mine,Muon Tomography & Multi-Physics Fusion for Nickel Massive Sulphide Mapping at BHP's Leinster Mine Mine Case Study - Ideon Technologies,"Using multiphysics to map nickel massive sulphide at BHP's Leinster Mine, located at the Nickel West operations in Western Australia.",['Muon Tomography & Multi-Physics Fusion for Nickel Massive Sulphide Mapping'],2024-11-21T11:54:35.690203,Ideon,0.0,0.0,0.0,0,0,Error,leinster australia
LOCATION,p,https://ideon.ai/results/bhp-leinster-mine,Muon Tomography & Multi-Physics Fusion for Nickel Massive Sulphide Mapping at BHP's Leinster Mine Mine Case Study - Ideon Technologies,"Using multiphysics to map nickel massive sulphide at BHP's Leinster Mine, located at the Nickel West operations in Western Australia.",['Muon Tomography & Multi-Physics Fusion for Nickel Massive Sulphide Mapping'],2024-11-21T11:54:35.690204,Ideon,0.0,0.0,0.0,0,0,Error,location
In-Mine & Borehole,p,https://ideon.ai/results/bhp-leinster-mine,Muon Tomography & Multi-Physics Fusion for Nickel Massive Sulphide Mapping at BHP's Leinster Mine Mine Case Study - Ideon Technologies,"Using multiphysics to map nickel massive sulphide at BHP's Leinster Mine, located at the Nickel West operations in Western Australia.",['Muon Tomography & Multi-Physics Fusion for Nickel Massive Sulphide Mapping'],2024-11-21T11:54:35.690206,Ideon,0.0,0.0,0.0,0,0,Error,inmine borehole
IDEON DETECTOR TYPES,p,https://ideon.ai/results/bhp-leinster-mine,Muon Tomography & Multi-Physics Fusion for Nickel Massive Sulphide Mapping at BHP's Leinster Mine Mine Case Study - Ideon Technologies,"Using multiphysics to map nickel massive sulphide at BHP's Leinster Mine, located at the Nickel West operations in Western Australia.",['Muon Tomography & Multi-Physics Fusion for Nickel Massive Sulphide Mapping'],2024-11-21T11:54:35.690209,Ideon,0.0,0.0,0.0,0,0,Error,ideon detector types
Nickel Massive Sulphide,p,https://ideon.ai/results/bhp-leinster-mine,Muon Tomography & Multi-Physics Fusion for Nickel Massive Sulphide Mapping at BHP's Leinster Mine Mine Case Study - Ideon Technologies,"Using multiphysics to map nickel massive sulphide at BHP's Leinster Mine, located at the Nickel West operations in Western Australia.",['Muon Tomography & Multi-Physics Fusion for Nickel Massive Sulphide Mapping'],2024-11-21T11:54:35.690211,Ideon,0.0,0.0,0.0,0,0,Error,nickel massive sulphide
DEPOSIT TYPE,p,https://ideon.ai/results/bhp-leinster-mine,Muon Tomography & Multi-Physics Fusion for Nickel Massive Sulphide Mapping at BHP's Leinster Mine Mine Case Study - Ideon Technologies,"Using multiphysics to map nickel massive sulphide at BHP's Leinster Mine, located at the Nickel West operations in Western Australia.",['Muon Tomography & Multi-Physics Fusion for Nickel Massive Sulphide Mapping'],2024-11-21T11:54:35.690212,Ideon,0.0,0.0,0.0,0,0,Error,deposit type
Key Highlight,h2,https://ideon.ai/results/bhp-leinster-mine,Muon Tomography & Multi-Physics Fusion for Nickel Massive Sulphide Mapping at BHP's Leinster Mine Mine Case Study - Ideon Technologies,"Using multiphysics to map nickel massive sulphide at BHP's Leinster Mine, located at the Nickel West operations in Western Australia.",['Muon Tomography & Multi-Physics Fusion for Nickel Massive Sulphide Mapping'],2024-11-21T11:54:35.690214,Ideon,0.0,0.0,0.0,0,0,Error,key highlight
"Multi-site, multi-phase, multi-physics program demonstrating cost-effectiveness and high resolution of muon tomography imaging to inform nickel exploration, resource mapping, and void detection of a multi-kilometre strike extent.",p,https://ideon.ai/results/bhp-leinster-mine,Muon Tomography & Multi-Physics Fusion for Nickel Massive Sulphide Mapping at BHP's Leinster Mine Mine Case Study - Ideon Technologies,"Using multiphysics to map nickel massive sulphide at BHP's Leinster Mine, located at the Nickel West operations in Western Australia.",['Muon Tomography & Multi-Physics Fusion for Nickel Massive Sulphide Mapping'],2024-11-21T11:54:35.690216,Ideon,0.0,0.0,0.0,0,0,Error,multisite multiphase multiphysics program demonstrating costeffectiveness and high resolution of muon tomography imaging to inform nickel exploration resource mapping and void detection of a multikilometre strike extent
Value Impacts,h2,https://ideon.ai/results/bhp-leinster-mine,Muon Tomography & Multi-Physics Fusion for Nickel Massive Sulphide Mapping at BHP's Leinster Mine Mine Case Study - Ideon Technologies,"Using multiphysics to map nickel massive sulphide at BHP's Leinster Mine, located at the Nickel West operations in Western Australia.",['Muon Tomography & Multi-Physics Fusion for Nickel Massive Sulphide Mapping'],2024-11-21T11:54:35.690217,Ideon,0.0,0.0,0.0,0,0,Error,value impacts
"Cliff and Leinster mines are situated in the Agnew-Wiluna greenstone belt in Western Australia, approximately 150 km apart from each other, and a wholly owned by BHP and operated by BHP’s Nickel West group.",p,https://ideon.ai/results/bhp-leinster-mine,Muon Tomography & Multi-Physics Fusion for Nickel Massive Sulphide Mapping at BHP's Leinster Mine Mine Case Study - Ideon Technologies,"Using multiphysics to map nickel massive sulphide at BHP's Leinster Mine, located at the Nickel West operations in Western Australia.",['Muon Tomography & Multi-Physics Fusion for Nickel Massive Sulphide Mapping'],2024-11-21T11:54:35.690219,Ideon,0.0,0.0,0.0,0,0,Error,cliff and leinster mines are situated in the agnewwiluna greenstone belt in western australia approximately km apart from each other and a wholly owned by bhp and operated by bhps nickel west group
"The Cliffs orebody consists of massive Fe-Ni sulphide mineralization associated with the basal contact of the Cliffs Ultramafic Unit (UCL). In its central and northern parts, the orebody presents as a N-trending, subvertical sheet, approximately 500m wide (down-dip) and plunging southward from surface for 1.5 km. The UCL has a density of approximately 2.8 g/cc, while the massive Fe-Ni sulphide ore domain has an average density of 3.9 g/cc.",p,https://ideon.ai/results/bhp-leinster-mine,Muon Tomography & Multi-Physics Fusion for Nickel Massive Sulphide Mapping at BHP's Leinster Mine Mine Case Study - Ideon Technologies,"Using multiphysics to map nickel massive sulphide at BHP's Leinster Mine, located at the Nickel West operations in Western Australia.",['Muon Tomography & Multi-Physics Fusion for Nickel Massive Sulphide Mapping'],2024-11-21T11:54:35.690221,Ideon,0.0,0.0,0.0,0,0,Error,the cliffs orebody consists of massive feni sulphide mineralization associated with the basal contact of the cliffs ultramafic unit ucl in its central and northern parts the orebody presents as a ntrending subvertical sheet approximately m wide downdip and plunging southward from surface for km the ucl has a density of approximately gcc while the massive feni sulphide ore domain has an average density of gcc
"At Leinster, the Perseverance Ultramafic Complex (UPC) hosts several Type 1 Fe-Ni sulphide ore bodies. Immediately west of the UPC, the Rocky’s Reward Ultramafic (URR) is a structural slice of ultramafic rock that hosts the Rocky’s Reward and Harmony ore bodies. Mineralization is associated with distinct terrace structures hypothesized to recur down-dip of the known Rocky’s Reward terrace, which is the basis of the Balboa exploration target.",p,https://ideon.ai/results/bhp-leinster-mine,Muon Tomography & Multi-Physics Fusion for Nickel Massive Sulphide Mapping at BHP's Leinster Mine Mine Case Study - Ideon Technologies,"Using multiphysics to map nickel massive sulphide at BHP's Leinster Mine, located at the Nickel West operations in Western Australia.",['Muon Tomography & Multi-Physics Fusion for Nickel Massive Sulphide Mapping'],2024-11-21T11:54:35.690222,Ideon,0.0,0.0,0.0,0,0,Error,at leinster the perseverance ultramafic complex upc hosts several type feni sulphide ore bodies immediately west of the upc the rockys reward ultramafic urr is a structural slice of ultramafic rock that hosts the rockys reward and harmony ore bodies mineralization is associated with distinct terrace structures hypothesized to recur downdip of the known rockys reward terrace which is the basis of the balboa exploration target
"Ideon deployed five in-mine detectors about 50 m apart in an underground drive approximately 200 m deep in the Cliffs mine, gathering data over a period of 60 days. With successful outcomes at Cliffs, those five detectors were relocated to a 2 km-long drive in the Leinster mine at approximately 800 m depth, screening the volume above for undiscovered massive Fe-Ni sulphide mineralization. These sensors were moved along the drive during the survey period to capture the full target zone above, for a total of approximately 8 months of active imaging.",p,https://ideon.ai/results/bhp-leinster-mine,Muon Tomography & Multi-Physics Fusion for Nickel Massive Sulphide Mapping at BHP's Leinster Mine Mine Case Study - Ideon Technologies,"Using multiphysics to map nickel massive sulphide at BHP's Leinster Mine, located at the Nickel West operations in Western Australia.",['Muon Tomography & Multi-Physics Fusion for Nickel Massive Sulphide Mapping'],2024-11-21T11:54:35.690224,Ideon,0.0,0.0,0.0,0,0,Error,ideon deployed five inmine detectors about m apart in an underground drive approximately m deep in the cliffs mine gathering data over a period of days with successful outcomes at cliffs those five detectors were relocated to a kmlong drive in the leinster mine at approximately m depth screening the volume above for undiscovered massive feni sulphide mineralization these sensors were moved along the drive during the survey period to capture the full target zone above for a total of approximately months of active imaging
"The world’s first deployment of borehole muon tomography for nickel exploration then took place at the Balboa exploration site, with nine detectors positioned in three drill holes around a target zone for new mineralization. Imaging took place over a period of approximately 4.5 months.",p,https://ideon.ai/results/bhp-leinster-mine,Muon Tomography & Multi-Physics Fusion for Nickel Massive Sulphide Mapping at BHP's Leinster Mine Mine Case Study - Ideon Technologies,"Using multiphysics to map nickel massive sulphide at BHP's Leinster Mine, located at the Nickel West operations in Western Australia.",['Muon Tomography & Multi-Physics Fusion for Nickel Massive Sulphide Mapping'],2024-11-21T11:54:35.690225,Ideon,0.0,0.0,0.0,0,0,Error,the worlds first deployment of borehole muon tomography for nickel exploration then took place at the balboa exploration site with nine detectors positioned in three drill holes around a target zone for new mineralization imaging took place over a period of approximately months
"Ideon used provided airborne gravity gradient and ground gravity data to perform a multi-physics joint inversion and deliver a robust, unified 3D model of the Leinster area. BHP leveraged extensive drill data to validate the outcomes in areas where drill information was available.",p,https://ideon.ai/results/bhp-leinster-mine,Muon Tomography & Multi-Physics Fusion for Nickel Massive Sulphide Mapping at BHP's Leinster Mine Mine Case Study - Ideon Technologies,"Using multiphysics to map nickel massive sulphide at BHP's Leinster Mine, located at the Nickel West operations in Western Australia.",['Muon Tomography & Multi-Physics Fusion for Nickel Massive Sulphide Mapping'],2024-11-21T11:54:35.690227,Ideon,0.0,0.0,0.0,0,0,Error,ideon used provided airborne gravity gradient and ground gravity data to perform a multiphysics joint inversion and deliver a robust unified d model of the leinster area bhp leveraged extensive drill data to validate the outcomes in areas where drill information was available
Leinster Case Study Walkthrough,h2,https://ideon.ai/results/bhp-leinster-mine,Muon Tomography & Multi-Physics Fusion for Nickel Massive Sulphide Mapping at BHP's Leinster Mine Mine Case Study - Ideon Technologies,"Using multiphysics to map nickel massive sulphide at BHP's Leinster Mine, located at the Nickel West operations in Western Australia.",['Muon Tomography & Multi-Physics Fusion for Nickel Massive Sulphide Mapping'],2024-11-21T11:54:35.690229,Ideon,0.0,0.0,0.0,0,0,Error,leinster case study walkthrough
"Watch Ideon CTO and Co-founder, Doug Schouten, provide an in-depth review of the Leinster program and results.",p,https://ideon.ai/results/bhp-leinster-mine,Muon Tomography & Multi-Physics Fusion for Nickel Massive Sulphide Mapping at BHP's Leinster Mine Mine Case Study - Ideon Technologies,"Using multiphysics to map nickel massive sulphide at BHP's Leinster Mine, located at the Nickel West operations in Western Australia.",['Muon Tomography & Multi-Physics Fusion for Nickel Massive Sulphide Mapping'],2024-11-21T11:54:35.690230,Ideon,0.0,0.0,0.0,0,0,Error,watch ideon cto and cofounder doug schouten provide an indepth review of the leinster program and results
"For more detailed content and results from Leinster, download the full case study.",h2,https://ideon.ai/results/bhp-leinster-mine,Muon Tomography & Multi-Physics Fusion for Nickel Massive Sulphide Mapping at BHP's Leinster Mine Mine Case Study - Ideon Technologies,"Using multiphysics to map nickel massive sulphide at BHP's Leinster Mine, located at the Nickel West operations in Western Australia.",['Muon Tomography & Multi-Physics Fusion for Nickel Massive Sulphide Mapping'],2024-11-21T11:54:35.690270,Ideon,0.0,0.0,0.0,0,0,Error,for more detailed content and results from leinster download the full case study
"© 2024 Ideon Technologies, Inc. All Rights Reserved.",p,https://ideon.ai/results/bhp-leinster-mine,Muon Tomography & Multi-Physics Fusion for Nickel Massive Sulphide Mapping at BHP's Leinster Mine Mine Case Study - Ideon Technologies,"Using multiphysics to map nickel massive sulphide at BHP's Leinster Mine, located at the Nickel West operations in Western Australia.",['Muon Tomography & Multi-Physics Fusion for Nickel Massive Sulphide Mapping'],2024-11-21T11:54:35.690272,Ideon,0.0,0.0,0.0,0,0,Error,ideon technologies inc all rights reserved
"April 24, 2023",p,https://ideon.ai/results/orano-mcclean-lake,Imaging High-Grade Uranium Deposits at Orano's McClean Lake Project Case Study - Ideon Technologies,"World's first borehole muon tomography field trial, imaging high-grade uranium at Orano's McClean Lake project in the Athabasca Basin.",['Muon Tomography for High-Grade Uranium Deposits'],2024-11-21T11:54:36.547623,Ideon,0.0,0.0,0.0,0,0,Error,april
Muon Tomography for High-Grade Uranium Deposits,h1,https://ideon.ai/results/orano-mcclean-lake,Imaging High-Grade Uranium Deposits at Orano's McClean Lake Project Case Study - Ideon Technologies,"World's first borehole muon tomography field trial, imaging high-grade uranium at Orano's McClean Lake project in the Athabasca Basin.",['Muon Tomography for High-Grade Uranium Deposits'],2024-11-21T11:54:36.547630,Ideon,0.0,0.0,0.0,0,0,Error,muon tomography for highgrade uranium deposits
The world’s first borehole muon tomography field trial successfully imaging alteration surrounding compact uranium ore pods.,p,https://ideon.ai/results/orano-mcclean-lake,Imaging High-Grade Uranium Deposits at Orano's McClean Lake Project Case Study - Ideon Technologies,"World's first borehole muon tomography field trial, imaging high-grade uranium at Orano's McClean Lake project in the Athabasca Basin.",['Muon Tomography for High-Grade Uranium Deposits'],2024-11-21T11:54:36.547633,Ideon,0.0,0.0,0.0,0,0,Error,the worlds first borehole muon tomography field trial successfully imaging alteration surrounding compact uranium ore pods
McClean Lake,p,https://ideon.ai/results/orano-mcclean-lake,Imaging High-Grade Uranium Deposits at Orano's McClean Lake Project Case Study - Ideon Technologies,"World's first borehole muon tomography field trial, imaging high-grade uranium at Orano's McClean Lake project in the Athabasca Basin.",['Muon Tomography for High-Grade Uranium Deposits'],2024-11-21T11:54:36.547634,Ideon,0.0,0.0,0.0,0,0,Error,mcclean lake
PROJECT,p,https://ideon.ai/results/orano-mcclean-lake,Imaging High-Grade Uranium Deposits at Orano's McClean Lake Project Case Study - Ideon Technologies,"World's first borehole muon tomography field trial, imaging high-grade uranium at Orano's McClean Lake project in the Athabasca Basin.",['Muon Tomography for High-Grade Uranium Deposits'],2024-11-21T11:54:36.547635,Ideon,0.0,0.0,0.0,0,0,Error,project
"Athabasca Basin, Canada",p,https://ideon.ai/results/orano-mcclean-lake,Imaging High-Grade Uranium Deposits at Orano's McClean Lake Project Case Study - Ideon Technologies,"World's first borehole muon tomography field trial, imaging high-grade uranium at Orano's McClean Lake project in the Athabasca Basin.",['Muon Tomography for High-Grade Uranium Deposits'],2024-11-21T11:54:36.547637,Ideon,0.0,0.0,0.0,0,0,Error,athabasca basin canada
LOCATION,p,https://ideon.ai/results/orano-mcclean-lake,Imaging High-Grade Uranium Deposits at Orano's McClean Lake Project Case Study - Ideon Technologies,"World's first borehole muon tomography field trial, imaging high-grade uranium at Orano's McClean Lake project in the Athabasca Basin.",['Muon Tomography for High-Grade Uranium Deposits'],2024-11-21T11:54:36.547638,Ideon,0.0,0.0,0.0,0,0,Error,location
Borehole,p,https://ideon.ai/results/orano-mcclean-lake,Imaging High-Grade Uranium Deposits at Orano's McClean Lake Project Case Study - Ideon Technologies,"World's first borehole muon tomography field trial, imaging high-grade uranium at Orano's McClean Lake project in the Athabasca Basin.",['Muon Tomography for High-Grade Uranium Deposits'],2024-11-21T11:54:36.547639,Ideon,0.0,0.0,0.0,0,0,Error,borehole
IDEON DETECTOR TYPE,p,https://ideon.ai/results/orano-mcclean-lake,Imaging High-Grade Uranium Deposits at Orano's McClean Lake Project Case Study - Ideon Technologies,"World's first borehole muon tomography field trial, imaging high-grade uranium at Orano's McClean Lake project in the Athabasca Basin.",['Muon Tomography for High-Grade Uranium Deposits'],2024-11-21T11:54:36.547641,Ideon,0.0,0.0,0.0,0,0,Error,ideon detector type
Unconformity-related uranium,p,https://ideon.ai/results/orano-mcclean-lake,Imaging High-Grade Uranium Deposits at Orano's McClean Lake Project Case Study - Ideon Technologies,"World's first borehole muon tomography field trial, imaging high-grade uranium at Orano's McClean Lake project in the Athabasca Basin.",['Muon Tomography for High-Grade Uranium Deposits'],2024-11-21T11:54:36.547642,Ideon,0.0,0.0,0.0,0,0,Error,unconformityrelated uranium
DEPOSIT TYPE,p,https://ideon.ai/results/orano-mcclean-lake,Imaging High-Grade Uranium Deposits at Orano's McClean Lake Project Case Study - Ideon Technologies,"World's first borehole muon tomography field trial, imaging high-grade uranium at Orano's McClean Lake project in the Athabasca Basin.",['Muon Tomography for High-Grade Uranium Deposits'],2024-11-21T11:54:36.547643,Ideon,0.0,0.0,0.0,0,0,Error,deposit type
"This trial of borehole muon tomography demonstrated the effectiveness of the technique to image low-grade mineralization and alteration surrounding high-grade compact uranium deposits. Outcomes matched the existing geological model, delineating structural trends and mapping broad alterations surrounding uranium mineralization. Minor variations in density (in the range of 0.1 – 0.2 g/cc) within the alteration zone correlated spatially with the known mineralization halo.",p,https://ideon.ai/results/orano-mcclean-lake,Imaging High-Grade Uranium Deposits at Orano's McClean Lake Project Case Study - Ideon Technologies,"World's first borehole muon tomography field trial, imaging high-grade uranium at Orano's McClean Lake project in the Athabasca Basin.",['Muon Tomography for High-Grade Uranium Deposits'],2024-11-21T11:54:36.547645,Ideon,0.0,0.0,0.0,0,0,Error,this trial of borehole muon tomography demonstrated the effectiveness of the technique to image lowgrade mineralization and alteration surrounding highgrade compact uranium deposits outcomes matched the existing geological model delineating structural trends and mapping broad alterations surrounding uranium mineralization minor variations in density in the range of gcc within the alteration zone correlated spatially with the known mineralization halo
"McClean Lake is located within the eastern part of the Athabasca Basin in northern Saskatchewan, 850 kilometres north of Saskatoon. Orano’s McClean Lake operations include the world’s most technologically advanced uranium mill for the processing of undiluted, high-grade uranium ore. The Sue deposits, one of which was the site of this trial, are situated along the western margin of the Archean Collins Bay granitic dome within a graphitic pelitic gneiss corridor known as the Sue Trend. The uranium mineralization in this area is mainly composed of uraninite as nodules, shear vein fillings, and veinlets.",p,https://ideon.ai/results/orano-mcclean-lake,Imaging High-Grade Uranium Deposits at Orano's McClean Lake Project Case Study - Ideon Technologies,"World's first borehole muon tomography field trial, imaging high-grade uranium at Orano's McClean Lake project in the Athabasca Basin.",['Muon Tomography for High-Grade Uranium Deposits'],2024-11-21T11:54:36.547646,Ideon,0.0,0.0,0.0,0,0,Error,mcclean lake is located within the eastern part of the athabasca basin in northern saskatchewan kilometres north of saskatoon oranos mcclean lake operations include the worlds most technologically advanced uranium mill for the processing of undiluted highgrade uranium ore the sue deposits one of which was the site of this trial are situated along the western margin of the archean collins bay granitic dome within a graphitic pelitic gneiss corridor known as the sue trend the uranium mineralization in this area is mainly composed of uraninite as nodules shear vein fillings and veinlets
"This project followed on an earlier successful field trial conducted at McArthur River, SK using Ideon’s large-format muon detectors positioned in underground drifts at 600m depth. When development on the borehole-format detectors was completed in spring 2021, the first prototype units were deployed at McClean Lake. Six borehole detectors were positioned in a chain at multiple points down a single drillhole 300m deep. Two of the six sensors were positioned above the known deposit to map (and eliminate) near-surface geological complexity. Ideon staff traveled to the site to deploy the detectors. Data were gathered over a period of about 7 months (with some inefficiencies due to power outages), with data collection completed in January 2023. Data intake and analysis were conducted remotely throughout this period to verify quality and calibration.",p,https://ideon.ai/results/orano-mcclean-lake,Imaging High-Grade Uranium Deposits at Orano's McClean Lake Project Case Study - Ideon Technologies,"World's first borehole muon tomography field trial, imaging high-grade uranium at Orano's McClean Lake project in the Athabasca Basin.",['Muon Tomography for High-Grade Uranium Deposits'],2024-11-21T11:54:36.547648,Ideon,0.0,0.0,0.0,0,0,Error,this project followed on an earlier successful field trial conducted at mcarthur river sk using ideons largeformat muon detectors positioned in underground drifts at m depth when development on the boreholeformat detectors was completed in spring the first prototype units were deployed at mcclean lake six borehole detectors were positioned in a chain at multiple points down a single drillhole m deep two of the six sensors were positioned above the known deposit to map and eliminate nearsurface geological complexity ideon staff traveled to the site to deploy the detectors data were gathered over a period of about months with some inefficiencies due to power outages with data collection completed in january data intake and analysis were conducted remotely throughout this period to verify quality and calibration
McClean Lake Case Study Walkthrough,h2,https://ideon.ai/results/orano-mcclean-lake,Imaging High-Grade Uranium Deposits at Orano's McClean Lake Project Case Study - Ideon Technologies,"World's first borehole muon tomography field trial, imaging high-grade uranium at Orano's McClean Lake project in the Athabasca Basin.",['Muon Tomography for High-Grade Uranium Deposits'],2024-11-21T11:54:36.547649,Ideon,0.0,0.0,0.0,0,0,Error,mcclean lake case study walkthrough
"Watch Ideon CTO and Co-founder, Doug Schouten, provide an in-depth review of the McClean Lake program and results.",p,https://ideon.ai/results/orano-mcclean-lake,Imaging High-Grade Uranium Deposits at Orano's McClean Lake Project Case Study - Ideon Technologies,"World's first borehole muon tomography field trial, imaging high-grade uranium at Orano's McClean Lake project in the Athabasca Basin.",['Muon Tomography for High-Grade Uranium Deposits'],2024-11-21T11:54:36.547650,Ideon,0.0,0.0,0.0,0,0,Error,watch ideon cto and cofounder doug schouten provide an indepth review of the mcclean lake program and results
"© 2024 Ideon Technologies, Inc. All Rights Reserved.",p,https://ideon.ai/results/orano-mcclean-lake,Imaging High-Grade Uranium Deposits at Orano's McClean Lake Project Case Study - Ideon Technologies,"World's first borehole muon tomography field trial, imaging high-grade uranium at Orano's McClean Lake project in the Athabasca Basin.",['Muon Tomography for High-Grade Uranium Deposits'],2024-11-21T11:54:36.547652,Ideon,0.0,0.0,0.0,0,0,Error,ideon technologies inc all rights reserved
